"Zaman damgasÄ±","Ä°nsanlar neden mutlu deÄŸil ?","Yapay zeka dÃ¼nyayÄ± ele geÃ§irebilir mi?","Bir resim yapsan hangi renkleri kullanÄ±rsÄ±n ?","Ã–zgÃ¼rlÃ¼k nedir kÄ±saca anlatÄ±nÄ±z.","zaman size ne Ã§aÄŸrÄ±ÅŸtÄ±rÄ±yor ?","AÅŸka inanÄ±yor musunuz ?","Bir karakter Ã§izsen, o karakter nasÄ±l gÃ¶rÃ¼nÃ¼rdÃ¼? kÄ±saca aÃ§Ä±klar mÄ±sÄ±n ?","EÄŸer bir mÃ¼zik albÃ¼mÃ¼ yapsaydÄ±n, hangi tarzda olurdu?","EÄŸer bir dizide rol alabilseydin, hangi diziyi seÃ§erdin?","GeÃ§miÅŸe mi gitmek isterdin, yoksa geleceÄŸe mi? Neden? "
"2024/10/23 1:44:40 Ã–S GMT+3","Gelecek kaygÄ±sÄ±, ekonomik nedenler ve dÃ¼nyanÄ±n her geÃ§en gÃ¼n daha kÃ¶tÃ¼ bir hale gelmesi.","yakÄ±n zamanda hayÄ±r","siyah ve beyaz"," bireyin kendi kararlarÄ±nÄ± alabilmesi ","asla durmayan bir akÄ±ÅŸ","evet","YaÅŸlÄ± bir adam, kafasÄ±nda bir ÅŸapka ve elinde bir baston tutuyor.","anadolu rock ","breaking bad","GeÃ§miÅŸe dÃ¶nmek isterdim Ã§Ã¼nkÃ¼ anlatÄ±lan ve yazÄ±lan olaylara, hikayelere ÅŸahit olmak istiyorum."
"2024/10/23 1:52:12 Ã–S GMT+3","SosyokÃ¼ltÃ¼rel eksiklerden dolayÄ±","HayÄ±r","Mavi, sarÄ± ve yeÅŸi","DuygularÄ±nÄ±n seni elegeÃ§irmemesidir","HiÃ§birÅŸet","Evet","Saf sade ve gÃ¼ven veren birini Ã§izerdim","Pop","The last kingdom ","GeÃ§miÅŸe"
"2024/10/23 2:16:10 Ã–S GMT+3","Sosyal medya yÃ¼zÃ¼nden ","Evet geÃ§irebilir ","KÄ±rmÄ±zÄ±, siyah","Korkmadan yaÅŸayabilmek ","Zaman Ã¼zerinde kontrolÃ¼mÃ¼zÃ¼n olmadÄ±ÄŸÄ± ve hatta olamayacaÄŸÄ± da bir konsepttir ","HayÄ±r ","Veba maskesi takan elinde tirpan olan ve ÅŸapkalÄ± yÄ±rtÄ±k siyah bir palto giyen orta Ã§aÄŸ karakteri","Alternatif rock","Mr. Robot","GeleceÄŸe. DÃ¼nyanÄ±n geleceÄŸinde neler olacaÄŸÄ±na olan merakÄ±mdan dolayÄ± "
"2024/10/23 2:22:57 Ã–S GMT+3","Kendimizi bir ÅŸeylere zorunlu hissettiÄŸimiz iÃ§in ","Evet ","YeÅŸil mavi ","DÄ±ÅŸarÄ± Ã§Ä±kmak ","Stresi ","Evet ","DenizkÄ±zÄ± gibi ","Duygusal ","AÅŸk yeniden ","GeleceÄŸe Ã§Ã¼nkÃ¼ olacaklardan haberdar olmak isterdim "
"2024/10/23 2:34:40 Ã–S GMT+3","KÃ¼Ã§Ã¼kken masal dinlemeyen Ã§ocuklar bÃ¼yÃ¼yÃ¼nce
Kendi resimlerini bile cetvelle Ã§izerlerâ€¦","Ä°nsanlar tek dÃ¼ze yapay zeka gibi olucak. Ä°nsanlarÄ± ele geÃ§iren yapay zeka dÃ¼nyayÄ± da ele geÃ§irmiÅŸ demektir.","Mavi beyaz","ArtÄ±k Allah benim deyince baÅŸÄ±ma birÅŸey gelmemesi","HayatÄ±","Ben ÅŸuna inanÄ±rÄ±m; erkek adam hayatÄ±nda ne olursa olsun ahlaki bir ÅŸey olmadÄ±ÄŸÄ± sÃ¼rece pazartesi kalkÄ±p pantolonunu giyer, ya Allah bismillah deyip iÅŸine baÅŸlar.","1.75 boylarÄ±nda kirli sakallÄ± bir erkek","Klasik TÃ¼rk mÃ¼ziÄŸi ","Kurtlar Vadisi-GÃ¼llÃ¼ Erhan","GeÃ§miÅŸ. YaptÄ±ÄŸÄ±m yanlÄ±ÅŸlarÄ± dÃ¼zeltmek iÃ§in."
"2024/10/23 2:46:27 Ã–S GMT+3","GÃ¼nÃ¼mÃ¼z dÃ¼nyasÄ±nÄ±n yalnÄ±zlÄ±ÄŸÄ± ve insanlarÄ±n maddi sÄ±kÄ±ntÄ±larÄ±","Bilemiyorum ÅŸu an zor gÃ¶zÃ¼kÃ¼yor hem ele geÃ§irse ne yapacak ki ?","Gri siyah beyaz ve lacivert","BaÅŸkasÄ±nÄ±n Ã¶zgÃ¼rlÃ¼ÄŸÃ¼ne girmeden yapabileceÄŸimiz her ÅŸey","AcÄ±masÄ±z ","Malesef","1.80 buz mavisi gÃ¶zler kumral saÃ§ atletik bir erkek ","Rock alternatif punk metal tarzlarÄ±nÄ±n karÄ±ÅŸÄ±mÄ± ","Avrupa yakasÄ±","GeÃ§miÅŸe gitmek isterim 90 lar hep ilgimi Ã§ekiyor Ã¶zellikle 90 lar istanbulu"
"2024/10/23 2:51:56 Ã–S GMT+3","insanlarÄ± Ã¶rdek yerine koyuyorlar","yok","yeÅŸil pembe kahverengi","saat 11 den sonra dayÄ±mÄ±n sigara iÃ§emediÄŸi iÃ§in uyumak zorunda kalmasÄ±","bana bi 3-5 dakika mÃ¼sade edin buna cevap veremiyorum","hayÄ±r","sakallÄ± pesimist kÃ¶tÃ¼ adam beni de var","hip hop kaf kef ","kurtlar vadisi seyfo dayÄ± ya da nevzat ","geÃ§miÅŸi silersen geleceÄŸi yersin. geÃ§miÅŸ"
"2024/10/23 2:55:18 Ã–S GMT+3","Ekonomi Ã§ok kÃ¶tÃ¼ 
","KÄ±smen","Mor sarÄ± pembe","BaskÄ± olmadan yaÅŸamak ","YaÅŸlanmayÄ± ","HayÄ±r","GÃ¼venilir ahlaklÄ± kendine gÃ¼venen","Arabesk","Bizimkiler","GeÃ§miÅŸe. Okul yÄ±llarÄ±nÄ± tekrar yaÅŸamak isterdim"
"2024/10/23 3:17:56 Ã–S GMT+3","Maddi sikintilar","Olabilir","YeÅŸil ve beyaz","Kendini en iyi ÅŸekilde ifade edebilmek","Ã‡ok Ã§abuk geÃ§en vakit","Hayir","AnlayÄ±ÅŸlÄ± iyi niyetli dÃ¼zgun","TÃ¼rk sanat mÃ¼ziÄŸi","Perihan abla","GeÃ§miÅŸe gitmek isterdim Ã‡unku eskiden saygÄ± vardÄ± ahlak vardÄ± herÅŸeye ulasammanin bir tadÄ± anlamÄ± vardi"
"2024/10/23 3:18:10 Ã–S GMT+3","","","","","","","","","",""
"2024/10/23 3:50:16 Ã–S GMT+3","Beklenti iÃ§inde olduklarÄ± iÃ§in. ","Evet yakÄ±n zamanda geÃ§irecek. ","Mavi, beyaz, yeÅŸil, bordo ","Ä°stediÄŸin ÅŸeyi istediÄŸin zaman yapabilmek. ","Ã–lÃ¼mÃ¼ Ã§aÄŸrÄ±ÅŸtÄ±rÄ±yor. ","Evet. ","Orta boylu, kahverengi saÃ§lÄ±, beyaz tenli, renkli tonlarda giyinmeyi seven bir kÄ±z olurdu. ","Pop","Prens. ","GeÃ§miÅŸe. DÃ¼zeltmem gereken Ã§ok hata var :) "
"2024/10/23 3:54:01 Ã–S GMT+3","SÃ¼regelen kent sosyolojisi ve makineleÅŸmiÅŸ toplum yapÄ±sÄ± ","KontrolsÃ¼z olan her ÅŸey tehlike arz edebilir.","BÃ¼tÃ¼n renkleri kullanmayÄ± tercih ederim","Toplum normlarÄ±nÄ± koruyarak ve diÄŸer insanlarÄ±n sÄ±nÄ±rlarÄ±na saygÄ± duyularak kiÅŸi tarafÄ±ndan yapÄ±lmasÄ± mÃ¼mkÃ¼n eylemler olarak kabul edilir. Ancak bana gÃ¶re Ã¶zgÃ¼rlÃ¼k kiÅŸinin kendini duygusal yÃ¶nden besleyebildiÄŸi bir kiÅŸisel alandÄ±r.","Tamamen yorum. OlaÄŸan geliÅŸmelere gÃ¶re azalan veya artan, psikoloji ile yÃ¶nlendirilen bir kavram.","Evet","DÄ±ÅŸ gÃ¶rÃ¼nÃ¼ÅŸÃ¼nden Ã§ok gÃ¶zlerinin dikkat Ã§ekeceÄŸi ÅŸekilde, gÃ¼Ã§lÃ¼.","Rock","Bilmiyorum.","GeÃ§miÅŸ. Gelecek her zaman yÃ¶nlendirilebilir. Ki geÃ§miÅŸte de deÄŸiÅŸtirmek istediÄŸim bir ÅŸey olduÄŸundan deÄŸil geÃ§miÅŸe duyulan Ã¶zlem sebebiyle bÃ¶yle bir tercih yapardÄ±m."
"2024/10/23 4:27:24 Ã–S GMT+3","Maddiyat","HayÄ±r","toz pembe ve aÃ§Ä±k mavi","RahatlÄ±k","GeÃ§miÅŸi","HayÄ±r","KÄ±sa saÃ§lÄ± Ã§illi kÄ±z","rock","Friends","GeÃ§miÅŸ"
"2024/10/23 5:14:00 Ã–S GMT+3","paralarÄ± yol fakirler","hayÄ±r","siyah","istediÄŸini bi ÅŸarta baÄŸlÄ± olmadan yapabilmek","boÅŸluk","evet","uzun ince bedenli siyah yeÅŸil gÃ¶zlÃ¼ takÄ±m elbiseli bir yaratÄ±l","hiphop yada oldschool rap","rick and morty","geÃ§miÅŸ, daha yaÅŸanabilir geliyor bana"
"2024/10/23 5:17:36 Ã–S GMT+3","yaÅŸanÄ±lan toplum ve bunun getirdiÄŸi aÄŸÄ±r yÃ¼kler.","hayÄ±r.","siyah , beyaz","bu Ã¼lkedeyken Ã¶zgÃ¼rlÃ¼kten bahsedemem.","bir akÄ±ÅŸ","hayÄ±r","saÃ§Ä± ve sakalÄ± uzun orta yaÅŸ Ã¼stÃ¼ bir insan","rock","game of thrones","geÃ§miÅŸe gitmek isterdim "
"2024/10/23 5:43:09 Ã–S GMT+3","genel anlamda tatmin olamadÄ±klarÄ± iÃ§in. yanlÄ±ÅŸ beklentilere girdikleri iÃ§in ve belki de hayatÄ±n iÅŸleme biÃ§imini yanlÄ±ÅŸ anladÄ±klarÄ± ve uyum saÄŸlayamadÄ±klarÄ± iÃ§in.","kontrolden Ã§Ä±kmasÄ± oldukÃ§a olasÄ±.","mavi,lila,yeÅŸil","basitÃ§e engelsizlik. Ã¶nÃ¼nde engel olmadÄ±ÄŸÄ± sÃ¼rece Ã¶zgÃ¼rsÃ¼ndÃ¼r.","zaman bana bir sÃ¼reÃ§ten Ã§ok mekanÄ± Ã§aÄŸrÄ±ÅŸtÄ±rÄ±yor. Ã¶rneÄŸin 80â€™lerin istanbulâ€™u ile 2024 istanbulâ€™u aynÄ± mekan deÄŸil ve sanki aslÄ±nda bambaÅŸka yerdeler.","inanmak iÃ§in kanÄ±t gerek.","kÄ±sa siyah saÃ§lÄ±, gotik tarzda makyajÄ± ve kÄ±yafetleri olan bir genÃ§ kÄ±z","Rock","Dark","GeÃ§miÅŸ. 70â€™ler hippie akÄ±mÄ±, 80â€™ler harf rock akÄ±mÄ±, 90â€™lar grunge akÄ±mÄ±, Victorian dÃ¶nemi vesaire gibi bazÄ± ÅŸeyleri deneyimlemek isterdim. Åimdi her ÅŸey daha tatsÄ±zlaÅŸtÄ±,basitleÅŸti ve renksizleÅŸti bence. Gelecek ilgi Ã§ekici olmayacak kadar gri benim iÃ§in."
"2024/10/23 6:46:26 Ã–S GMT+3","Ã‡Ã¼nkÃ¼ Ã§oÄŸu insan hayatÄ±nÄ± bir amaÃ§ belirlemeden yaÅŸÄ±yor. Toplum Ã§arklarÄ±nÄ± yÃ¶netmek iÃ§in deÄŸil, o Ã§arklarÄ± yÃ¶netenlerin isteklerini karÅŸÄ±lamak iÃ§in Ã§abalÄ±yorlar. Ãœstelik Ã§oÄŸu bÃ¶yle yaÅŸadÄ±ÄŸÄ±nÄ±n da farkÄ±nda deÄŸil Ã§Ã¼nkÃ¼ toplum tarafÄ±ndan baÅŸarÄ± olarak gÃ¶rÃ¼len bir ÅŸey yaptÄ±klarÄ±nda (evlenmek, Ã§ocuk yapmak vb.) bu onlarÄ±n geÃ§ici bir mutluluk hissine kapÄ±lmasÄ±nÄ± saÄŸlÄ±yor.","Bu soru nasÄ±l ele alÄ±ndÄ±ÄŸÄ±na gÃ¶re farklÄ± ÅŸekillerde cevaplanabilir. Yapay zeka belki bizi dÃ¼nyadan silip dÃ¼nyayÄ± ele geÃ§iremeyecek ama bizi deÄŸiÅŸtirecek, muhtemelen yaratÄ±cÄ±lÄ±ÄŸÄ± Ã¶ldÃ¼recek ve insanÄ±n dÃ¼ÅŸÃ¼nmesini anlamsÄ±zlaÅŸtÄ±racak. Bu durumda insan beyni yavaÅŸ yavaÅŸ dÃ¼ÅŸÃ¼nme etkinliÄŸini yitirecek. Ä°nsanÄ± insan yapan en Ã¶nemli ÅŸey dÃ¼ÅŸÃ¼nme yeteneÄŸi olduÄŸundan bence yapay zeka insanÄ±n bu yeteneÄŸini kÄ±sÄ±tlayarak dÃ¼nyayÄ± ele geÃ§irecek.","Resmin niteliÄŸine ve resmi Ã§izerkenki ruh hÃ¢lime gÃ¶re Ã§ok deÄŸiÅŸken cevaplar verebilirim fakat siyah ve beyaz renklerini sevdiÄŸimden muhtemelen bu iki renge aÄŸÄ±rlÄ±k verirdim.","AlÄ±nan her nefesin huzur vermesidir.","Zaman bana bir dÃ¶ngÃ¼yÃ¼, hiÃ§liÄŸi ve deÄŸersizliÄŸi Ã§aÄŸrÄ±ÅŸtÄ±rÄ±yor. Belki de evren ve zaman karÅŸÄ±sÄ±nda bizler kendimize olduÄŸumuzdan Ã§ok daha bÃ¼yÃ¼k deÄŸerler veriyoruz. Bir dÃ¼ÅŸÃ¼nce, ÅŸu koskoca evren ve uÃ§suz bucaksÄ±z zaman karÅŸÄ±sÄ±nda bence bir toz zerresi kadar bile deÄŸerimiz yok. Fakat benlik hissimiz bizim hayata hep ben merkezli bakmamÄ±zÄ± saÄŸlÄ±yor, kendimizi evrenin merkezi, olarak gÃ¶rÃ¼rsek ne zamanÄ±n ne de evrenin bÃ¼yÃ¼klÃ¼ÄŸÃ¼nÃ¼n bir anlamÄ± kalÄ±yor, evrendeki tek deÄŸerli ÅŸey biz oluyoruz ve zaman sadece bizim var olmamÄ±z iÃ§in var olmuÅŸ oluyor.","Evet, inanÄ±yorum.","Karakteri hangi amaÃ§la Ã§izeceÄŸime gÃ¶re bu soru Ã§ok deÄŸiÅŸkenlik gÃ¶sterebilir, bu nedenle bu soruya kesin bir yanÄ±t veremem.","Rock mÃ¼zik sevdiÄŸimden o tarzda olurdu.","Åu ana kadar beni bu denli etkileyen bir dizi izlemedim, ama eÄŸer bir kitapta hangi karakter olmak istediÄŸim sorulsaydÄ± Alexandre Dumas'Ä±n ""ÃœÃ§ SilahÅŸorlar kitabÄ±nda Athos karakteri olmak isterdim.","Kim olarak ve ne iÃ§in gideceÄŸime gÃ¶re deÄŸiÅŸirdi ama eÄŸer gÃ¼nÃ¼mÃ¼zdeki bazÄ± kÃ¶tÃ¼ ÅŸeyleri deÄŸiÅŸtirme ÅŸansÄ±m olacaksa geÃ§miÅŸe gitmek isterdim."
"2024/10/23 7:38:05 Ã–S GMT+3","Ekonomik zorluklar bunun en temel nedeni","Kesinlikle geliÅŸen yapay zeka gelecekte insanlarÄ±n iÅŸ gÃ¼cÃ¼nÃ¼ ortadan kaldÄ±racak","KÄ±rmÄ±zÄ± mavi","HiÃ§bir ÅŸeye baÄŸlÄ± olmamak","DoÄŸru zamanÄ± doÄŸru kullanmak","Evet","","Pop","Medcezir","GeÃ§miÅŸe Ã§Ã¼nkÃ¼ eskiden daha yaÅŸanÄ±la bilir bir hayat vardÄ±"
"2024/10/23 8:08:46 Ã–S GMT+3","Ã‡Ã¼nkÃ¼ insanlar istediÄŸini yapacak ekonomik Ã¶zgÃ¼rlÃ¼ÄŸe veya zamana sahip deÄŸiller hep bir ÅŸeyler yapmaya mecburlar ","GeÃ§iremez","Bordo mavi ","Ã–zgÃ¼rlÃ¼k insanÄ±n istediÄŸini istediÄŸi an istediÄŸi ÅŸekilde baÅŸkalarÄ±nÄ±n Ã¶zgÃ¼rlÃ¼ÄŸÃ¼nÃ¼ kÄ±sÄ±tlamaycak ÅŸekilde yapabilmeleridir","TÃ¼kenmek","Bilmiyorum","GÃ¼Ã§lÃ¼ kuvvetli","KarÄ±ÅŸÄ±k","Prison break","GeÃ§miÅŸe Ã§Ã¼nkÃ¼ eskiler gÃ¼zeldi anÄ±larÄ± tekrar yaÅŸamak isterdim"
"2024/10/23 9:17:04 Ã–S GMT+3","Istediklerine erisemedikleri icin","Evet","Sari-kirmizi","Bir kimseye veya yapiya bireyin yaptiklari sonucu hesap verme zorunlulugu olmamasi","Yaslilik","Hayir","Standart bir vatandas gibi gorunurdu","Hip hop","Grand tour","Yakin gecmise gidip bilgimi satardim"
"2024/10/24 8:17:30 Ã–S GMT+3","Ekonomik durumlar","Evet","SarÄ± Mavi","SÄ±nÄ±rlarÄ± olmayan","HÄ±z","KiÅŸiye gÃ¶re ","SarÄ±ÅŸÄ±n yakisikli","Pop","Ezel","GeÃ§miÅŸe geleceÄŸi gÃ¶rmek korkutucu olabilir"
"2024/10/24 8:23:17 Ã–S GMT+3","Herkesin kendine gÃ¶re bir sebebi olabilir. AyrÄ±ca mutluluk sÃ¼rekli olan bir ÅŸey deÄŸil, anlarda saklÄ±. ","DÃ¼nyayÄ± ele geÃ§irebilecek Ã¶zellikler ve yetkiler verilirse olabilir.","Siyah","YapÄ±lmak istenen bir ÅŸeyi baÅŸkasÄ±nÄ±n sÄ±nÄ±rlarÄ±nÄ± ihlal etmeden yapabilmektir.","Ã–lÃ¼m","Biliyorum ğŸš¬ğŸš¬","Bir yandan Ã¼rkÃ¼tÃ¼cÃ¼ bir yandan gÃ¼venilir gÃ¶zÃ¼ken; ciddi, aÃ§Ä±k tenli siyah saÃ§ ve sakallÄ± bir erkek karakter","Rock","BÃ¶rÃ¼","GeÃ§miÅŸe gitmek isterdim. GeleceÄŸe zaten gidiyoruz aceleye gerek yok."
"2024/10/24 8:27:04 Ã–S GMT+3","MutluluÄŸu yanlÄ±ÅŸ yerde aradÄ±klarÄ± iÃ§in.","KÄ±smen","Mavi,yeÅŸil,mor","ZamanÄ± geldiÄŸinde doÄŸru kararÄ± verebilmek","Bitkinlik","Evet","Kahverengi saÃ§lÄ±,mavi gÃ¶zlÃ¼,uzun saÃ§lÄ± bir kÄ±z. ","Klasik","The witcher","GeÃ§miÅŸe"
"2024/10/24 8:31:10 Ã–S GMT+3","Ekonomik problemler ve Ã¼lkedeki gÃ¼venlik problemi","HayÄ±r","Siyah beyaz","BaÅŸka insanlarÄ±n hayatlarÄ±na mÃ¼dahalede bulunmadan isteklerimizi gerÃ§ekleÅŸtirerek","UÃ§suz bucaksÄ±z deniz","HayÄ±r","GÃ¼Ã§lÃ¼ kadÄ±n bir karakter Ã§izerdim","alternatif rock","Deha dizisi","KararsÄ±zÄ±m her ikisininde ayrÄ± bir cazibesi var diyelim "
"2024/10/24 8:31:32 Ã–S GMT+3","Ekonomik sebepler, gelecek kaygÄ±sÄ± (TÃ¼rkiye iÃ§in)","Her ÅŸeyin yapay zekayla beraber kullanÄ±ldÄ±ÄŸÄ± bir dÃ¼nyada herhangi bir sebeple yapay zeka kÃ¶tÃ¼lÃ¼ÄŸe meylederse ele geÃ§irebilir.","Mavi, yeÅŸil, sarÄ±","Bireylerin bir baÅŸka bireyin sÄ±nÄ±rlarÄ±nÄ± aÅŸmadan toplum iÃ§inde istediÄŸi gibi yaÅŸayabilmesi. (Burada bireyin sÄ±nÄ±rlarÄ±nÄ± evrensel ahlak Ã§erÃ§evesi iÃ§inde deÄŸerlendirirsek)","HiÃ§lik - VaroluÅŸ - HiÃ§lik","Bilimsel olarak aÅŸk hormonlar, seÃ§ilim, rekabettir esasÄ±nda ancak bazÄ± ÅŸeylere bilim aÃ§Ä±sÄ±ndan bakmak yerine bilimÃ¶tesinden bakmak insanÄ± hoÅŸnut edebilir. Bu Ã§erÃ§evede evet aÅŸka inanÄ±yorum.","Erkek olarak Ã§izeceksem yakÄ±ÅŸÄ±klÄ±, kaslÄ± ve uzun (superman fenotipi); kadÄ±n olarak Ã§izeceksem gÃ¼zel, fit, ortalama boylarda Ã§izerdim.","Alternatif rock.","Derdin tasanÄ±n olmadÄ±ÄŸÄ± bir sitcom'da olmayÄ± yeÄŸlerdim. HIMYM, Friends, The Big Bang Theory","GeÃ§miÅŸ geÃ§miÅŸte kaldÄ±, teknolojinin ve insanlÄ±ÄŸÄ±n geliÅŸiminin tam potansiyelini gÃ¶rmek iÃ§in geleceÄŸe, Ã§ok geleceÄŸe giderdim."
"2024/10/24 8:31:58 Ã–S GMT+3","Ellerindekiyle mutlu olmayÄ± bilmedikleri iÃ§in. Buna ben de dahil.","Åuanki haliyle hayÄ±r. Ancak daha ileriki seviyelerde dÃ¼nyayÄ± ele geÃ§irme seviyesine gelmese de insanlara zarar verecek seviyelere geleceÄŸini dÃ¼ÅŸÃ¼nÃ¼yorum.","O an canÄ±m ne istiyorsa, herhangi bir renk olabilir.","KafamÄ±zda fazla bÃ¼yÃ¼ttÃ¼ÄŸÃ¼mÃ¼z bir olgu. GerÃ§ek Ã¶zgÃ¼rlÃ¼ÄŸÃ¼ tadarsak bunun korkutucu olacaÄŸÄ±ndan son derece eminim ancak insanlarÄ±n Ã¶zgÃ¼rlÃ¼k kavramÄ± etrafÄ±nda fazla dÃ¼ÅŸÃ¼nmeden konuÅŸtuklarÄ±nÄ± dÃ¼ÅŸÃ¼nÃ¼yorum.","BaÅŸlangÄ±cÄ±nÄ± tanÄ±mlayamadÄ±ÄŸÄ±m bir yol veya varoluÅŸla birlikte kendiliÄŸinden oluÅŸan bi olgu.","Emin deÄŸilim.","Taslak olarak insandan yola Ã§Ä±kardÄ±m ancak karakterin iyi yada kÃ¶tÃ¼ olmasÄ±na gÃ¶re insanlarÄ±n korkularÄ±nÄ± ya da sevdikleri ÅŸeyleri karakterde gÃ¶sterirdim.","Rock, Anadolu Rock tarzÄ±nda ve kesinlikle anlamlÄ± sÃ¶zlerden oluÅŸurdu.","Ä°Ã§erde olabilir ama Ã§ok da ilgilenmiyorum aÃ§Ä±kÃ§asÄ±","YaÅŸanmamÄ±ÅŸ bir zamana gidilebileceÄŸini sanmÄ±yorum. O yÃ¼zden geÃ§miÅŸi seÃ§erim ayrÄ±ca geÃ§miÅŸte yaÅŸamÄ±ÅŸ fikirlerini sevdiÄŸim insanlarla vakit geÃ§irmek yada sÄ±radan insanlarÄ±n o zamanki yaÅŸam tarzÄ±nÄ± gÃ¶rmek Ã§ok hoÅŸuma giderdi"
"2024/10/24 8:38:02 Ã–S GMT+3","Ekonomi","Evet","KÄ±rmÄ±zÄ±-siyah","Ä°nsanÄ±n kendini mutlu hissttiÄŸi an","Gelecek ","Evet ","KÄ±sa ÅŸiÅŸman gÃ¶zlÃ¼klÃ¼ ÅŸapkalÄ± ","Punk rock","HIMYM","GeÃ§miÅŸ"
"2024/10/24 9:03:31 Ã–S GMT+3","Ã‡Ã¼nkÃ¼ paralarÄ± yok ","Ä°mkansÄ±z ","Mavi Mor Beyaz ","Ã–zgÃ¼rlÃ¼k sadece bir his bir duygudur ","Her ÅŸeyin bitebileceÄŸini ","Ä°nanÄ±yorum ","ÅÄ±k giyimli elit ","Slow pop ","13 Reasons Why ","GeleceÄŸe, Ã§Ã¼nkÃ¼ geleceÄŸin ÅŸimdiye gÃ¶re daha iyi olacaÄŸÄ±na dair umudum var"
"2024/10/24 10:49:43 Ã–S GMT+3","Bence insanlar mutluluÄŸu Ã§ok bÃ¼yÃ¼k ya da spesifik ÅŸeylerde arÄ±yor aslÄ±nda gÃ¼n iÃ§erisinde kÃ¼Ã§Ã¼k ÅŸeylerden de mutlu olabiliriz","SanmÄ±yorum ","Mavi, siyah , kÄ±rmÄ±zÄ± ","Sadece kendin istediÄŸin iÃ§in hayatÄ± doyasÄ±ya yaÅŸamak ","Sonsuz olmayan sonsuzluk","HayÄ±r ","DÄ±ÅŸ gÃ¶rÃ¼nÃ¼ÅŸÃ¼ sert ve gÃ¼Ã§lÃ¼ ama iÃ§inde naif ve yaÅŸanmÄ±ÅŸlÄ±klarla dolu bir kadÄ±n","Anadolu rock","Mouse","Gelecek, Ã§Ã¼nkÃ¼ ilerde yaÅŸayacaÄŸÄ±m hayatÄ± merak ediyorum "
"2024/10/25 1:47:33 Ã–S GMT+3","BirkaÃ§ gÃ¼nÃ¼mÃ¼z etkenlerinden dolayÄ± ","Evet ","Siyah,kÄ±rmÄ±zÄ±","Ä°nsanlarÄ± veya Ã§evreyi rahatsÄ±z etmeden dilediÄŸini yapabilmektir","YaÅŸanÄ±ldÄ±ÄŸÄ± sÃ¼rece akan sÃ¼re","HayÄ±r","Ä°nsan ve hayvan ortak Ã¶zellikleriyle gÃ¶rÃ¼nÃ¼rdÃ¼ ","Rap- hiphop ","Punisher","GeÃ§miÅŸ"
"2024/10/25 3:23:29 Ã–S GMT+3","Yani mutlu olmadÄ±klarÄ±nÄ± nerden biliyoruz. Ama mutsuz olan kesim iÃ§in sebepler ekonomik, sevmedikleri iÅŸleri yapmalarÄ± ya da Ã¶zgÃ¼r olmamalarÄ± olabilir.","YakÄ±n gelecekte Ã§ok mÃ¼mkÃ¼n gÃ¶zÃ¼kmÃ¼yor. Yapay zekanÄ±n kendi kendine dÃ¼ÅŸÃ¼nÃ¼p kararlar verebilen Ã§eÅŸidi sanÄ±rÄ±m generative ai idi. Ama ÅŸu an o duruma Ã§ok uzaktayÄ±z.ÅŸu an ki yapay zekalar da elindeki veriler kadar bilgili.Ama ileri zamandaki gelecek iÃ§in ihtimal olarak gÃ¶zÃ¼kebilir. Bu konu ile ilgili de Ã§ok fazla teori filmi vardÄ±r.","Mavi kullanÄ±rÄ±m. En sevdiÄŸim renktir. DevamÄ±nda kÄ±rmÄ±zÄ± ve siyah olabilir. Ama mavi olmadan olmaz.Huzurlu bir renk benim iÃ§in.","Ã–zgÃ¼rlÃ¼k benim iÃ§in istediÄŸin zamanda ,istediÄŸin iÅŸi ,istediÄŸin yerde yapmaktÄ±r.Yer zaman ve finansal olarak Ã¶zgÃ¼r bir birey Ã¶zgÃ¼rlÃ¼ÄŸÃ¼ne kavuÅŸmuÅŸtur.","AkÄ±ÅŸ.Domino etkisi. OlaylarÄ±n gerÃ§ekleÅŸmesi iÃ§in geÃ§en sÃ¼re. Bilemiyorum ","Evet inanÄ±yorum. Ama tanÄ±mÄ± insandan insana deÄŸiÅŸtiÄŸini dÃ¼ÅŸÃ¼nÃ¼yorum. Ama gerÃ§ekten gÃ¼Ã§lÃ¼ ve gÃ¼zel bir duygu.","Nedense ÅŸu an yorgun bir adam Ã§izmek istedim. Gizemli bir kapÃ¼ÅŸon ile","Slow Rock","Komedi.","GeÃ§miÅŸ olmuÅŸ bitmiÅŸ geriye dÃ¶nmeye gerek yok. GeleceÄŸe gitmek iÃ§inde acelem yok. Åu anda kalmayÄ± yeÄŸlerim. Ama seÃ§im yapmak zorunda kalsam geÃ§miÅŸ derdim sanÄ±rÄ±m."